{"cameraMode":{"drawMode":0,"name":"Shaded","section":"Shading Mode"},"sceneLighting":true,"audioPlay":false,"sceneViewState":{"m_AlwaysRefresh":false,"showFog":true,"showSkybox":true,"showFlares":true,"showImageEffects":true,"showParticleSystems":true,"showVisualEffectGraphs":true,"m_FxEnabled":true},"in2DMode":false,"pivot":{"x":-1.379206657409668,"y":-5.980725288391113,"z":0.17217350006103517},"rotation":{"x":0.16929900646209718,"y":-0.8070515990257263,"z":0.27668923139572146,"w":0.4936424195766449},"size":12.272039413452149,"orthographic":false}