{"cameraMode":{"drawMode":0,"name":"Shaded","section":"Shading Mode"},"sceneLighting":false,"audioPlay":false,"sceneViewState":{"m_AlwaysRefresh":false,"showFog":true,"showSkybox":false,"showFlares":true,"showImageEffects":true,"showParticleSystems":true,"showVisualEffectGraphs":true,"m_FxEnabled":true},"in2DMode":false,"pivot":{"x":0.3925253748893738,"y":-0.6046410799026489,"z":-1.6091939210891724},"rotation":{"x":-0.0068010855466127399,"y":0.9681517481803894,"z":-0.24958589673042298,"w":-0.025157874450087549},"size":3.0513525009155275,"orthographic":false}